{"importBase":"import","nativeBase":"native","name":"main","deps":[],"uuids":["05/nj0vQZDwJA8x6fpC9k2","0c0a9c419","0c0bbbe45","0d266c303","20g1ukYUVPvKWKBRznAKo+","20g1ukYUVPvKWKBRznAKo+@6c48a","20g1ukYUVPvKWKBRznAKo+@f9941","24pwTaKGdEbY0aXpIMdeCd","24pwTaKGdEbY0aXpIMdeCd@6c48a","24pwTaKGdEbY0aXpIMdeCd@f9941","26A2GparlCMrMWBh8R/pK8","54TknWPwVPqJqeCR+Y/Czo","54TknWPwVPqJqeCR+Y/Czo@6c48a","54TknWPwVPqJqeCR+Y/Czo@f9941","544DmBRAtD26/H5HvcF5JY","544DmBRAtD26/H5HvcF5JY@6c48a","544DmBRAtD26/H5HvcF5JY@f9941","5536W5ngBCkYXAd7KziqHt","5536W5ngBCkYXAd7KziqHt@6c48a","5536W5ngBCkYXAd7KziqHt@f9941","6eWcXVWKNLToZBl1W0tzh6","6eWcXVWKNLToZBl1W0tzh6@6c48a","6eWcXVWKNLToZBl1W0tzh6@f9941","95EkngnxZFbYuFpsqVTaFr","95EkngnxZFbYuFpsqVTaFr@6c48a","95EkngnxZFbYuFpsqVTaFr@f9941","9f2QDdIhtPiY8s+6NCQ8g1","9f2QDdIhtPiY8s+6NCQ8g1@6c48a","9f2QDdIhtPiY8s+6NCQ8g1@f9941","aaMrfGsX9FYI8qKgRRi7zu","aaMrfGsX9FYI8qKgRRi7zu@6c48a","aaMrfGsX9FYI8qKgRRi7zu@f9941","b7MFJ8MjNBwqr3fNq1j5dJ","b7MFJ8MjNBwqr3fNq1j5dJ@6c48a","b7MFJ8MjNBwqr3fNq1j5dJ@f9941","fdjsU2o1RKF5x0TziDw3jI"],"paths":{"35":["db:/internal/default_renderpipeline/builtin-forward",0]},"scenes":{"db://assets/Scene/Main.scene":0},"packs":{"0c0a9c419":["21","27","8","15","18","12","5","24","30","33"],"0c0bbbe45":["0","6","9","10","13","16","19","22","25","28","31","34"],"0d266c303":["20","26","7","14","17","11","4","23","29","32"]},"versions":{"import":[],"native":[]},"redirect":[],"debug":false,"extensionMap":{},"types":["cc.RenderPipeline"]}